web-scraper-order,web-scraper-start-url,container_url,container_url-href,nbre_pieces,nbre_salles_bain,superficie,adresse
"1750611599-1","https://sn.coinafrique.com/categorie/appartements?page=119","Location appartements 3 pièces - Mermoz-sacré coeur","https://sn.coinafrique.com/annonce/appartements/location-appartements-3-pieces-mermoz-sacre-coeur-3271472","3","4","211","Mermoz-Sacré Coeur, Dakar, Sénégal"
"1750611604-2","https://sn.coinafrique.com/categorie/appartements?page=118","Vente appartement  à Fann résidence","https://sn.coinafrique.com/annonce/appartements/vente-appartement-a-fann-residence-3298942","4","4","185","Fann, Dakar, Sénégal"
"1750611618-3","https://sn.coinafrique.com/categorie/appartements?page=117","Location Studio - Mermoz","https://sn.coinafrique.com/annonce/appartements/location-studio-mermoz-3335185","2","1","150 m2","Dakar, Sénégal"
"1750611631-4","https://sn.coinafrique.com/categorie/appartements?page=116","Location appartement 4 pièces - Ouakam","https://sn.coinafrique.com/annonce/appartements/location-appartement-4-pieces-ouakam-3366954","4","4","180","Ouakam, Dakar, Sénégal"
"1750611641-5","https://sn.coinafrique.com/categorie/appartements?page=115","Location appartement 4 pièces - Almadies","https://sn.coinafrique.com/annonce/appartements/location-appartement-4-pieces-almadies-3391448","4","3","176","Almadies, Dakar, Sénégal"
"1750611662-6","https://sn.coinafrique.com/categorie/appartements?page=114","Vente appartement 4 pièces - Almadies","https://sn.coinafrique.com/annonce/appartements/vente-appartement-4-pieces-almadies-3416721","4","4","341","Almadies, Dakar, Sénégal"
"1750611677-7","https://sn.coinafrique.com/categorie/appartements?page=113","Location appartement 2 pièces - Mermoz - Sacré coeur","https://sn.coinafrique.com/annonce/appartements/location-appartement-2-pieces-mermoz-sacre-coeur-3486916","2","2","","Mermoz-Sacré Coeur, Dakar, Sénégal"
"1750611689-8","https://sn.coinafrique.com/categorie/appartements?page=112","Location Appartements 4 pièces - Keur Massar","https://sn.coinafrique.com/annonce/appartements/location-appartements-4-pieces-keur-massar-3507451","3","2","150 m2","Keur Massar, Sénégal"
"1750611700-9","https://sn.coinafrique.com/categorie/appartements?page=111","Location appartement 2 pièces - Yoff","https://sn.coinafrique.com/annonce/appartements/location-appartement-2-pieces-yoff-3532022","2","1","","Yoff, Dakar, Sénégal"
"1750611715-10","https://sn.coinafrique.com/categorie/appartements?page=110","Location appartement 3 pièces - Sicap Liberté 4","https://sn.coinafrique.com/annonce/appartements/location-appartement-3-pieces-sicap-liberte-4-3533497","3","2","","Sicap Liberté, Dakar, Sénégal"
"1750611728-11","https://sn.coinafrique.com/categorie/appartements?page=109","Location appartement 3 pièces - Zac Mbao","https://sn.coinafrique.com/annonce/appartements/location-appartement-3-pieces-zac-mbao-3587505","3","2","150 m2","Rufisque, Sénégal"
"1750611744-12","https://sn.coinafrique.com/categorie/appartements?page=108","Location appartements 3 pièces - Ngor","https://sn.coinafrique.com/annonce/appartements/location-appartements-3-pieces-ngor-3569971","3","3","3","Ngor, Dakar, Sénégal"
"1750611753-13","https://sn.coinafrique.com/categorie/appartements?page=107","Location Appartement 4 pièces - Ngor Virage","https://sn.coinafrique.com/annonce/appartements/location-appartement-4-pieces-ngor-virage-3591276","4","3","250 m2","Ngor, Dakar, Sénégal"
"1750611767-14","https://sn.coinafrique.com/categorie/appartements?page=106","Location Appartement 2 pièces - Yoff","https://sn.coinafrique.com/annonce/appartements/location-appartement-2-pieces-yoff-3637926","2","1","150","Yoff, Dakar, Sénégal"
"1750611776-15","https://sn.coinafrique.com/categorie/appartements?page=105","Location Appartement 4 pièces - Mermoz Sacré Coeur","https://sn.coinafrique.com/annonce/appartements/location-appartement-4-pieces-mermoz-sacre-coeur-3630504","4","4","212","Mermoz-Sacré Coeur, Dakar, Sénégal"
"1750611790-16","https://sn.coinafrique.com/categorie/appartements?page=104","Location appartement 4 pièces - Dakar plateau","https://sn.coinafrique.com/annonce/appartements/location-appartement-4-pieces-dakar-plateau-3651877","4","3","211","Dakar Plateau, Dakar, Sénégal"
"1750611802-17","https://sn.coinafrique.com/categorie/appartements?page=103","Location appartement 3 pièces - Mamelles","https://sn.coinafrique.com/annonce/appartements/location-appartement-3-pieces-mamelles-3710530","3","3","100","Ouakam, Dakar, Sénégal"
"1750611811-18","https://sn.coinafrique.com/categorie/appartements?page=102","Location appartement 3 pièces - Mermoz-Sacré Coeur","https://sn.coinafrique.com/annonce/appartements/location-appartement-3-pieces-mermoz-sacre-coeur-3725376","3","1","1","Mermoz-Sacré Coeur, Dakar, Sénégal"
"1750611824-19","https://sn.coinafrique.com/categorie/appartements?page=101","Location Studio standing - Mamelles","https://sn.coinafrique.com/annonce/appartements/location-studio-standing-mamelles-3710156","2","2","165 m2","Mamelles, Dakar, Sénégal"
"1750611833-20","https://sn.coinafrique.com/categorie/appartements?page=100","Vente Appartements 2 pièces - Dubaï jvc","https://sn.coinafrique.com/annonce/appartements/vente-appartements-2-pieces-dubai-jvc-3773091","2","80","","Dakar, Sénégal"
"1750611849-21","https://sn.coinafrique.com/categorie/appartements?page=99","Location appartement 4 pièces - Sicap Liberté","https://sn.coinafrique.com/annonce/appartements/location-appartement-4-pieces-sicap-liberte-3797320","4","3","","Sicap Liberté, Dakar, Sénégal"
"1750611860-22","https://sn.coinafrique.com/categorie/appartements?page=98","Location appartement 4 pièces - Almadie","https://sn.coinafrique.com/annonce/appartements/location-appartement-4-pieces-almadie-3785158","4","3","250 m2","Almadies, Dakar, Sénégal"
"1750611873-23","https://sn.coinafrique.com/categorie/appartements?page=97","Location appartements  F4 3 pièces - almadies","https://sn.coinafrique.com/annonce/appartements/location-appartements-f4-3-pieces-almadies-3798689","126","","","Almadies, Dakar, Sénégal"
"1750611886-24","https://sn.coinafrique.com/categorie/appartements?page=96","Location appartement 4 pièces - Mermoz Sacré Coeur","https://sn.coinafrique.com/annonce/appartements/location-appartement-4-pieces-mermoz-sacre-coeur-3812314","4","4","342","Mermoz-Sacré Coeur, Dakar, Sénégal"
"1750611897-25","https://sn.coinafrique.com/categorie/appartements?page=95","Location appartement 4 pièces - Scat Urban","https://sn.coinafrique.com/annonce/appartements/location-appartement-4-pieces-scat-urban-3832717","","","","Sicap foire, Dakar, Sénégal"
"1750611908-26","https://sn.coinafrique.com/categorie/appartements?page=94","Location appartement 4 pièces - Mamelles","https://sn.coinafrique.com/annonce/appartements/location-appartement-4-pieces-mamelles-3849212","","","","Mamelles, Dakar, Sénégal"
"1750611924-27","https://sn.coinafrique.com/categorie/appartements?page=93","Location appartements 5 pièces - Dakar plateau","https://sn.coinafrique.com/annonce/appartements/location-appartements-5-pieces-dakar-plateau-3868245","5","4","","Dakar Plateau, Dakar, Sénégal"
"1750611937-28","https://sn.coinafrique.com/categorie/appartements?page=92","Location Appartement 4 pièces - Patte d'oie","https://sn.coinafrique.com/annonce/appartements/location-appartement-4-pieces-patte-doie-3930608","3","4","100","Patte d'oie, Dakar, Sénégal"
"1750611947-29","https://sn.coinafrique.com/categorie/appartements?page=91","Location villa duplex  190m² standing entré Ouakam","https://sn.coinafrique.com/annonce/appartements/location-villa-duplex-190m-standing-entre-ouakam-3912121","4","4","200 m2","Ouakam, Dakar, Sénégal"
"1750611962-30","https://sn.coinafrique.com/categorie/appartements?page=90","Location appartement 4 pièces haut standing à Amitié","https://sn.coinafrique.com/annonce/appartements/location-appartement-4-pieces-haut-standing-a-amitie-3925696","4","3","165 m2","Dakar, Sénégal"
"1750611972-31","https://sn.coinafrique.com/categorie/appartements?page=89","Vente appartements 4 pièces - Dakar","https://sn.coinafrique.com/annonce/appartements/vente-appartements-4-pieces-dakar-3942512","4","2","100","Dakar, Sénégal"
"1750611987-32","https://sn.coinafrique.com/categorie/appartements?page=88","Location appartement 4 pièces - Ngor Almadies","https://sn.coinafrique.com/annonce/appartements/location-appartement-4-pieces-ngor-almadies-3957663","4","3","300 m2","Sicap Liberté, Dakar, Sénégal"
"1750611999-33","https://sn.coinafrique.com/categorie/appartements?page=87","Location villa duplex 4 pièces - Sacré-cœur 1","https://sn.coinafrique.com/annonce/appartements/location-villa-duplex-4-pieces-sacre-cur-1-3976739","4","4","340","Sacré-Coeur, Dakar, Sénégal"
"1750612010-34","https://sn.coinafrique.com/categorie/appartements?page=86","Location appartements 05 pièces - Fann","https://sn.coinafrique.com/annonce/appartements/location-appartements-05-pieces-fann-3987339","5","4","280","Fann, Dakar, Sénégal"
"1750612023-35","https://sn.coinafrique.com/categorie/appartements?page=85","Location appartements 2 pièces - Ngor","https://sn.coinafrique.com/annonce/appartements/location-appartements-2-pieces-ngor-4047364","2","2","80","Ngor, Dakar, Sénégal"
"1750612034-36","https://sn.coinafrique.com/categorie/appartements?page=84","Location appartement 4 pièces -  Mamelles","https://sn.coinafrique.com/annonce/appartements/location-appartement-4-pieces-mamelles-4068407","3","2","150 m2","Mamelles, Dakar, Sénégal"
"1750612044-37","https://sn.coinafrique.com/categorie/appartements?page=83","Location appartement 4 pièces - Mamelle","https://sn.coinafrique.com/annonce/appartements/location-appartement-4-pieces-mamelle-4088916","3","2","150 m2","Mamelles, Dakar, Sénégal"
"1750612058-38","https://sn.coinafrique.com/categorie/appartements?page=82","Vente appartement f4 - Ngor","https://sn.coinafrique.com/annonce/appartements/vente-appartement-f4-ngor-4075987","","","","Ngor, Dakar, Sénégal"
"1750612071-39","https://sn.coinafrique.com/categorie/appartements?page=81","Vente appartement 4 pièces - Sipres VDN","https://sn.coinafrique.com/annonce/appartements/vente-appartement-4-pieces-sipres-vdn-4103573","4","3","137","Sipres, Dakar, Sénégal"
"1750612084-40","https://sn.coinafrique.com/categorie/appartements?page=80","Location appartement 4 piéces - Mamelle Mackiyou Faye","https://sn.coinafrique.com/annonce/appartements/location-appartement-4-pieces-mamelle-mackiyou-faye-4094641","4","4","200 m2","Ngor, Dakar, Sénégal"
"1750612094-41","https://sn.coinafrique.com/categorie/appartements?page=79","Location appartement 4 piéces - Mamelles","https://sn.coinafrique.com/annonce/appartements/location-appartement-4-pieces-mamelles-4111109","","","","Mamelles, Dakar, Sénégal"
"1750612106-42","https://sn.coinafrique.com/categorie/appartements?page=78","Location appartement 4 pièces - Mamelles","https://sn.coinafrique.com/annonce/appartements/location-appartement-4-pieces-mamelles-4134758","4","4","180 m2","Mamelles, Dakar, Sénégal"
"1750612118-43","https://sn.coinafrique.com/categorie/appartements?page=77","Location appartements 3 pièces - Ngor","https://sn.coinafrique.com/annonce/appartements/location-appartements-3-pieces-ngor-4189627","3","3","","Ngor, Dakar, Sénégal"
"1750612129-44","https://sn.coinafrique.com/categorie/appartements?page=76","Location appartement F4 - Résidence Cristal","https://sn.coinafrique.com/annonce/appartements/location-appartement-f4-residence-cristal-4173271","4","4","","Dakar Plateau, Dakar, Sénégal"
"1750612143-45","https://sn.coinafrique.com/categorie/appartements?page=75","Location appartement 3 pièces - Cité keur Gorgui","https://sn.coinafrique.com/annonce/appartements/location-appartement-3-pieces-cite-keur-gorgui-4197759","3","2","","Dakar, Sénégal"
"1750612155-46","https://sn.coinafrique.com/categorie/appartements?page=74","Vente appartement 4 pièces  - Mermoz","https://sn.coinafrique.com/annonce/appartements/vente-appartement-4-pieces-mermoz-4251057","4","1","197","Mermoz-Sacré Coeur, Dakar, Sénégal"
"1750612165-47","https://sn.coinafrique.com/categorie/appartements?page=73","Location Studio 2 pièces - Ouakam","https://sn.coinafrique.com/annonce/appartements/location-studio-2-pieces-ouakam-4228865","2","2","100","Ouakam, Dakar, Sénégal"
"1750612179-48","https://sn.coinafrique.com/categorie/appartements?page=72","Location appartement 3 pièces - Ngor","https://sn.coinafrique.com/annonce/appartements/location-appartement-3-pieces-ngor-4284967","3","2","","Ngor, Dakar, Sénégal"
"1750612188-49","https://sn.coinafrique.com/categorie/appartements?page=71","Location appartement 2 pièces - Almadies","https://sn.coinafrique.com/annonce/appartements/location-appartement-2-pieces-almadies-4262796","3","3","230","Almadies, Dakar, Sénégal"
"1750612204-50","https://sn.coinafrique.com/categorie/appartements?page=70","Location appartement 5 pièces - Dakar Plateau","https://sn.coinafrique.com/annonce/appartements/location-appartement-5-pieces-dakar-plateau-4278657","5","5","300","Dakar Plateau, Dakar, Sénégal"
"1750612216-51","https://sn.coinafrique.com/categorie/appartements?page=69","Location appartement f3 - Derklé","https://sn.coinafrique.com/annonce/appartements/location-appartement-f3-derkle-4291470","3","2","","Sicap Liberté, Dakar, Sénégal"
"1750612225-52","https://sn.coinafrique.com/categorie/appartements?page=68","Location appartement 4 pièces  - Point E","https://sn.coinafrique.com/annonce/appartements/location-appartement-4-pieces-point-e-4347479","3","3","","Dakar, Sénégal"
"1750612234-53","https://sn.coinafrique.com/categorie/appartements?page=67","Location appartement 4 pièces - Sacré-Coeur","https://sn.coinafrique.com/annonce/appartements/location-appartement-4-pieces-sacre-coeur-4341612","4","3","150","Sacré-Coeur, Dakar, Sénégal"
"1750612243-54","https://sn.coinafrique.com/categorie/appartements?page=66","Location appartements 5 pièces - Almadies","https://sn.coinafrique.com/annonce/appartements/location-appartements-5-pieces-almadies-4345826","5","4","320","Almadies, Dakar, Sénégal"
"1750612251-55","https://sn.coinafrique.com/categorie/appartements?page=65","Vente appartement 5 pièces - Sipres","https://sn.coinafrique.com/annonce/appartements/vente-appartement-5-pieces-sipres-4398493","5","4","160","Sipres, Dakar, Sénégal"
"1750612260-56","https://sn.coinafrique.com/categorie/appartements?page=64","Location appartement 3 pièces - Almadies","https://sn.coinafrique.com/annonce/appartements/location-appartement-3-pieces-almadies-4378928","3","3","12","Almadies, Dakar, Sénégal"
"1750612269-57","https://sn.coinafrique.com/categorie/appartements?page=63","Vente appartement 7 pièces - Rufisque","https://sn.coinafrique.com/annonce/appartements/vente-appartement-7-pieces-rufisque-4425193","5","9","150","Rufisque, Sénégal"
"1750612277-58","https://sn.coinafrique.com/categorie/appartements?page=62","Location studio -Yoff Apecsy","https://sn.coinafrique.com/annonce/appartements/location-studio-yoff-apecsy-4438480","2","2","1 m2","Yoff, Dakar, Sénégal"
"1750612286-59","https://sn.coinafrique.com/categorie/appartements?page=61","Vente appartement 04 pièces - Almadies","https://sn.coinafrique.com/annonce/appartements/vente-appartement-04-pieces-almadies-4450597","3","3","220","Almadies, Dakar, Sénégal"
"1750612294-60","https://sn.coinafrique.com/categorie/appartements?page=60","Location appartement 3 pièces - Sicap foire","https://sn.coinafrique.com/annonce/appartements/location-appartement-3-pieces-sicap-foire-4460578","3","3","","Sicap foire, Dakar, Sénégal"
"1750612303-61","https://sn.coinafrique.com/categorie/appartements?page=59","Location appartement 3 pièces - Sicap Foire","https://sn.coinafrique.com/annonce/appartements/location-appartement-3-pieces-sicap-foire-4476358","3","1","80","Sicap foire, Dakar, Sénégal"
"1750612311-62","https://sn.coinafrique.com/categorie/appartements?page=58","Location appartement 03 pièces - Sicap Foire","https://sn.coinafrique.com/annonce/appartements/location-appartement-03-pieces-sicap-foire-4490955","3","2","140","Sicap foire, Dakar, Sénégal"
"1750612319-63","https://sn.coinafrique.com/categorie/appartements?page=57","Location appartement 4 pièces - Almadies","https://sn.coinafrique.com/annonce/appartements/location-appartement-4-pieces-almadies-4506652","4","2","180","Almadies, Dakar, Sénégal"
"1750612329-64","https://sn.coinafrique.com/categorie/appartements?page=56","Location appartement 4 pièces - Ngor","https://sn.coinafrique.com/annonce/appartements/location-appartement-4-pieces-ngor-4486022","4","3","160","Ngor, Dakar, Sénégal"
"1750612337-65","https://sn.coinafrique.com/categorie/appartements?page=55","Location appartement 5 pièces - Yoff virage","https://sn.coinafrique.com/annonce/appartements/location-appartement-5-pieces-yoff-virage-4494504","5","4","","Yoff, Dakar, Sénégal"
"1750612345-66","https://sn.coinafrique.com/categorie/appartements?page=54","Location appartement 5 pièces - Mamelles","https://sn.coinafrique.com/annonce/appartements/location-appartement-5-pieces-mamelles-4551715","5","4","1","Mamelles, Dakar, Sénégal"
"1750612355-67","https://sn.coinafrique.com/categorie/appartements?page=53","Location appartement 4 pièces - Mermoz-Sacré Coeur","https://sn.coinafrique.com/annonce/appartements/location-appartement-4-pieces-mermoz-sacre-coeur-4571924","4","2","1","Mermoz-Sacré Coeur, Dakar, Sénégal"
"1750612363-68","https://sn.coinafrique.com/categorie/appartements?page=52","Location appartement 4 pièces - Mamelles","https://sn.coinafrique.com/annonce/appartements/location-appartement-4-pieces-mamelles-4546317","4","3","","Mamelles, Dakar, Sénégal"
"1750612371-69","https://sn.coinafrique.com/categorie/appartements?page=51","Location appartement F4 - Point E","https://sn.coinafrique.com/annonce/appartements/location-appartement-f4-point-e-4552239","4","4","","Point E, Dakar, Sénégal"
"1750612382-70","https://sn.coinafrique.com/categorie/appartements?page=50","Location appartement 4 pièces - Virage","https://sn.coinafrique.com/annonce/appartements/location-appartement-4-pieces-virage-4569552","4","5","","Almadies, Dakar, Sénégal"
"1750612394-71","https://sn.coinafrique.com/categorie/appartements?page=49","Location vente appartement 5 pièces - Mamelles","https://sn.coinafrique.com/annonce/appartements/location-vente-appartement-5-pieces-mamelles-4585546","5","4","280","Mamelles, Dakar, Sénégal"
"1750612403-72","https://sn.coinafrique.com/categorie/appartements?page=48","Location appartement 03 pièces - Mamelles","https://sn.coinafrique.com/annonce/appartements/location-appartement-03-pieces-mamelles-4644072","3","3","130 m2","Almadies, Dakar, Sénégal"
"1750612412-73","https://sn.coinafrique.com/categorie/appartements?page=47","Location studio - Sicap Liberté","https://sn.coinafrique.com/annonce/appartements/location-studio-sicap-liberte-4612882","150","","","Sicap Liberté, Dakar, Sénégal"
"1750612423-74","https://sn.coinafrique.com/categorie/appartements?page=46","Location appartement 04 pièces - Almadies","https://sn.coinafrique.com/annonce/appartements/location-appartement-04-pieces-almadies-4623728","4","5","270","Almadies, Dakar, Sénégal"
"1750612433-75","https://sn.coinafrique.com/categorie/appartements?page=45","Location appartement 4 pièces - Fann-residence","https://sn.coinafrique.com/annonce/appartements/location-appartement-4-pieces-fann-residence-4638999","4","4","200","Fann, Dakar, Sénégal"
"1750612441-76","https://sn.coinafrique.com/categorie/appartements?page=44","Location studio  - Ouest foire","https://sn.coinafrique.com/annonce/appartements/location-studio-ouest-foire-4700313","2","2","","Mboro, Sénégal"
"1750612450-77","https://sn.coinafrique.com/categorie/appartements?page=43","Location appartement 03 pièces - Diamalaye 1","https://sn.coinafrique.com/annonce/appartements/location-appartement-03-pieces-diamalaye-1-4722710","3","1","100","Diamalaye 1, Dakar, Sénégal"
"1750612458-78","https://sn.coinafrique.com/categorie/appartements?page=42","Location appartement 4 pièces - Mamelles","https://sn.coinafrique.com/annonce/appartements/location-appartement-4-pieces-mamelles-4693410","4","3","","Mamelles, Dakar, Sénégal"
"1750612466-79","https://sn.coinafrique.com/categorie/appartements?page=41","Location appartement 4 pièces - Amitié","https://sn.coinafrique.com/annonce/appartements/location-appartement-4-pieces-amitie-4710995","4","3","","Sicap Liberté, Dakar, Sénégal"
"1750612474-80","https://sn.coinafrique.com/categorie/appartements?page=40","Location appartement 4 pièces - Ouakam","https://sn.coinafrique.com/annonce/appartements/location-appartement-4-pieces-ouakam-4772778","4","2","200","Ouakam, Dakar, Sénégal"
"1750612482-81","https://sn.coinafrique.com/categorie/appartements?page=39","Location studio  - Ouest foire","https://sn.coinafrique.com/annonce/appartements/location-studio-ouest-foire-4737226","2","2","130 m2","Ouest Foire, Dakar, Sénégal"
"1750612490-82","https://sn.coinafrique.com/categorie/appartements?page=38","Vente appartements - Fass","https://sn.coinafrique.com/annonce/appartements/vente-appartements-fass-4778876","","","","Fass, Dakar, Sénégal"
"1750612498-83","https://sn.coinafrique.com/categorie/appartements?page=37","Location appartement 3 pièces - Zone de Captage","https://sn.coinafrique.com/annonce/appartements/location-appartement-3-pieces-zone-de-captage-4819928","3","2","70","Grand Yoff, Dakar, Sénégal"
"1750612506-84","https://sn.coinafrique.com/categorie/appartements?page=36","Location appartements 4 pièces - Almadies","https://sn.coinafrique.com/annonce/appartements/location-appartements-4-pieces-almadies-4834901","4","","","Almadies, Dakar, Sénégal"
"1750612514-85","https://sn.coinafrique.com/categorie/appartements?page=35","Location appartement 4 pièces - Mamelles","https://sn.coinafrique.com/annonce/appartements/location-appartement-4-pieces-mamelles-4860492","4","3","","Mamelles, Dakar, Sénégal"
"1750612523-86","https://sn.coinafrique.com/categorie/appartements?page=34","Location appartement 3 pièces - Zone de captage","https://sn.coinafrique.com/annonce/appartements/location-appartement-3-pieces-zone-de-captage-4874574","3","80","","Grand Yoff, Dakar, Sénégal"
"1750612531-87","https://sn.coinafrique.com/categorie/appartements?page=33","Location appartement 4 pièces - Cité Biagui","https://sn.coinafrique.com/annonce/appartements/location-appartement-4-pieces-cite-biagui-4844415","4","3","135","Yoff, Dakar, Sénégal"
"1750612539-88","https://sn.coinafrique.com/categorie/appartements?page=32","Location appartement 5pièces - Sacré-Coeur 3","https://sn.coinafrique.com/annonce/appartements/location-appartement-5pieces-sacre-coeur-3-4864337","5","3","280","Sacré-Coeur, Dakar, Sénégal"
"1750612546-89","https://sn.coinafrique.com/categorie/appartements?page=31","Location appartement 4 pièces - Mamelles","https://sn.coinafrique.com/annonce/appartements/location-appartement-4-pieces-mamelles-4928835","4","4","128 m2","Mamelles, Dakar, Sénégal"
"1750612555-90","https://sn.coinafrique.com/categorie/appartements?page=30","Location appartement 5pièces - Sortie9 Almadie 2","https://sn.coinafrique.com/annonce/appartements/location-appartement-5pieces-sortie9-almadie-2-4912572","5","3","150 m2","Mbao, Dakar, Sénégal"
"1750612562-91","https://sn.coinafrique.com/categorie/appartements?page=29","Location studio - Dalifort","https://sn.coinafrique.com/annonce/appartements/location-studio-dalifort-4970871","2","1","70","Pikine, Sénégal"
"1750612570-92","https://sn.coinafrique.com/categorie/appartements?page=28","Location appartement 4 pièces  - Almadi 2 sortie 9 peage","https://sn.coinafrique.com/annonce/appartements/location-appartement-4-pieces-almadi-2-sortie-9-peage-4942555","4","3","","Mbao, Dakar, Sénégal"
"1750612577-93","https://sn.coinafrique.com/categorie/appartements?page=27","Location appartements 2 pièces - Almadies","https://sn.coinafrique.com/annonce/appartements/location-appartements-2-pieces-almadies-4974638","2","3","1","Almadies, Dakar, Sénégal"
"1750612586-94","https://sn.coinafrique.com/categorie/appartements?page=26","Vente appartement 4 pièces - kalia","https://sn.coinafrique.com/annonce/appartements/vente-appartement-4-pieces-kalia-5027771","4","2","74 m2","Dakar, Sénégal"
"1750612593-95","https://sn.coinafrique.com/categorie/appartements?page=25","Location appartement 4 pièces - Cité Keur Gorgui","https://sn.coinafrique.com/annonce/appartements/location-appartement-4-pieces-cite-keur-gorgui-4996947","4","","","Mermoz-Sacré Coeur, Dakar, Sénégal"
"1750612600-96","https://sn.coinafrique.com/categorie/appartements?page=24","Location appartements 4 pièces - cité Keur Gorgui","https://sn.coinafrique.com/annonce/appartements/location-appartements-4-pieces-cite-keur-gorgui-5021365","4","3","137","Dakar, Sénégal"
"1750612608-97","https://sn.coinafrique.com/categorie/appartements?page=23","Location appartement 4pièces -Ngor Almadies","https://sn.coinafrique.com/annonce/appartements/location-appartement-4pieces-ngor-almadies-5042746","4","3","134","Ngor, Dakar, Sénégal"
"1750612616-98","https://sn.coinafrique.com/categorie/appartements?page=22","Location appartement 3pièces -Almadies","https://sn.coinafrique.com/annonce/appartements/location-appartement-3pieces-almadies-5062961","3","3","12","Almadies, Dakar, Sénégal"
"1750612623-99","https://sn.coinafrique.com/categorie/appartements?page=21","Location appartements 1 pièce - Mamelles","https://sn.coinafrique.com/annonce/appartements/location-appartements-1-piece-mamelles-5083467","1","2","135","Mamelles, Dakar, Sénégal"
"1750612631-100","https://sn.coinafrique.com/categorie/appartements?page=20","Location appartement 3 pièces - Ngor Almadies","https://sn.coinafrique.com/annonce/appartements/location-appartement-3-pieces-ngor-almadies-5101344","3","2","100","Almadies, Dakar, Sénégal"
"1750612639-101","https://sn.coinafrique.com/categorie/appartements?page=19","Location appartement F5 haut standing  au Point E","https://sn.coinafrique.com/annonce/appartements/location-appartement-f5-haut-standing-au-point-e-5114486","5","6","","Point E, Dakar, Sénégal"
"1750612647-102","https://sn.coinafrique.com/categorie/appartements?page=18","Vente appartement 5 pièces -   Liberté 6","https://sn.coinafrique.com/annonce/appartements/vente-appartement-5-pieces-liberte-6-5173598","6","5","","Sicap Liberté, Dakar, Sénégal"
"1750612655-103","https://sn.coinafrique.com/categorie/appartements?page=17","Location appartement  3 pièces - Ngor Almadies","https://sn.coinafrique.com/annonce/appartements/location-appartement-3-pieces-ngor-almadies-5171276","3","2","130 m2","Ngor, Dakar, Sénégal"
"1750612663-104","https://sn.coinafrique.com/categorie/appartements?page=16","Location appartement 5pièces - Dakar l'avenue cheikh anta d...","https://sn.coinafrique.com/annonce/appartements/location-appartement-5pieces-dakar-lavenue-cheikh-anta-diop-5148030","5","4","","Dakar, Sénégal"
"1750612670-105","https://sn.coinafrique.com/categorie/appartements?page=15","Location appartements 3pièces -Bourguiba","https://sn.coinafrique.com/annonce/appartements/location-appartements-3pieces-bourguiba-5166008","3","2","119 m2","Sicap Liberté, Dakar, Sénégal"
"1750612678-106","https://sn.coinafrique.com/categorie/appartements?page=14","Location appartement 4 pièces - Ngor","https://sn.coinafrique.com/annonce/appartements/location-appartement-4-pieces-ngor-5224797","7","2","300","Ngor, Dakar, Sénégal"
"1750612685-107","https://sn.coinafrique.com/categorie/appartements?page=13","Location appartement en duplex aux Almadies","https://sn.coinafrique.com/annonce/appartements/location-appartement-en-duplex-aux-almadies-5191735","4","3","","Almadies, Dakar, Sénégal"
"1750612692-108","https://sn.coinafrique.com/categorie/appartements?page=12","Location appartements  meublé 3 pièces - Mermoz-sacré coeur","https://sn.coinafrique.com/annonce/appartements/location-appartements-meuble-3-pieces-mermoz-sacre-coeur-5248366","3","2","","Mermoz-Sacré Coeur, Dakar, Sénégal"
"1750612699-109","https://sn.coinafrique.com/categorie/appartements?page=11","Location studio -  Zac Mbao cité assurance","https://sn.coinafrique.com/annonce/appartements/location-studio-zac-mbao-cite-assurance-5261865","2","1","80","Pikine, Sénégal"
"1750612706-110","https://sn.coinafrique.com/categorie/appartements?page=10","Location appartement f4 haut standing à louer à la cité Keu...","https://sn.coinafrique.com/annonce/appartements/location-appartement-f4-haut-standing-a-louer-a-la-cite-keur-gorgui-5224612","4","4","","Dakar, Sénégal"
"1750612713-111","https://sn.coinafrique.com/categorie/appartements?page=9","Vente appartements 3pièces -Almadies","https://sn.coinafrique.com/annonce/appartements/vente-appartements-3pieces-almadies-5241400","3","2","","Almadies, Dakar, Sénégal"
"1750612721-112","https://sn.coinafrique.com/categorie/appartements?page=8","Location appartement - Cité air Avion","https://sn.coinafrique.com/annonce/appartements/location-appartement-cite-air-avion-5300840","4","2","150 m2","Ouakam, Dakar, Sénégal"
"1750612727-113","https://sn.coinafrique.com/categorie/appartements?page=7","Vente grand et spacieux appartement entièrement meublé à Di...","https://sn.coinafrique.com/annonce/appartements/vente-grand-et-spacieux-appartement-entierement-meuble-a-diamniadio-5273451","4","3","107 m2","Dakar, Sénégal"
"1750612734-114","https://sn.coinafrique.com/categorie/appartements?page=6","Location appartements 3 pièces - Dakar","https://sn.coinafrique.com/annonce/appartements/location-appartements-3-pieces-dakar-5331680","3","","","Dakar, Sénégal"
"1750612740-115","https://sn.coinafrique.com/categorie/appartements?page=5","Location studio à Ngaparou","https://sn.coinafrique.com/annonce/appartements/location-studio-a-ngaparou-5303132","2","1","90","Ngaparou, Sénégal"
"1750612747-116","https://sn.coinafrique.com/categorie/appartements?page=4","Vente appartements 4 pièces - Cité keur gorgui","https://sn.coinafrique.com/annonce/appartements/vente-appartements-4-pieces-cite-keur-gorgui-5362617","3","3","129","Dakar, Sénégal"
"1750612753-117","https://sn.coinafrique.com/categorie/appartements?page=3","Location appartement 3 pièces - avenue blaise diagne","https://sn.coinafrique.com/annonce/appartements/location-appartement-3-pieces-avenue-blaise-diagne-5334167","3","2","","Medina, Dakar, Sénégal"
"1750612758-118","https://sn.coinafrique.com/categorie/appartements?page=2","Vente appartements f2, f4 et f5 à Almadies","https://sn.coinafrique.com/annonce/appartements/vente-appartements-f2-f4-et-f5-a-almadies-5374373","1","1","92","Almadies, Dakar, Sénégal"
"1750612764-119","https://sn.coinafrique.com/categorie/appartements?page=1","Location appartement F3 à Fass","https://sn.coinafrique.com/annonce/appartements/location-appartement-f3-a-fass-5349319","3","2","","Fass, Dakar, Sénégal"
